enzyme,sequence
Nt.CviPII,(0/-1)CCD
BcgI,(10/12)CGANNNNNNTGC(12/10)
BaeI,(10/15)ACNNNNGTAYC(12/7)
CspCI,(11/13)CAANNNNNGTGG(12/10)
BsaXI,(9/12)ACNNNNNCTCC(10/7)
MluCI,/AATT
Sse9I,/AATT
TasI,/AATT
TspEI,/AATT
FatI,/CATG
BstSCI,/CCNGG
StyD4I,/CCNGG
AjnI,/CCWGG
EcoRII,/CCWGG
Psp6I,/CCWGG
PspGI,/CCWGG
Bsp143I,/GATC
BssMI,/GATC
BstMBI,/GATC
DpnII,/GATC
Kzo9I,/GATC
MboI,/GATC
NdeII,/GATC
Sau3AI,/GATC
NmuCI,/GTSAC
TseFI,/GTSAC
Tsp45I,/GTSAC
HindIII,A/AGCTT
HindIII-HF,A/AGCTT
BspLU11I,A/CATGT
PciI,A/CATGT
PscI,A/CATGT
AgeI,A/CCGGT
AgeI-HF,A/CCGGT
AsiGI,A/CCGGT
BshTI,A/CCGGT
CspAI,A/CCGGT
PinAI,A/CCGGT
CsiI,A/CCWGGT
MabI,A/CCWGGT
SexAI,A/CCWGGT
MluI,A/CGCGT
MluI-HF,A/CGCGT
HpyCH4IV,A/CGT
HpySE526I,A/CGT
MaeII,A/CGT
AflIII,A/CRYGT
AhlI,A/CTAGT
BcuI,A/CTAGT
SpeI,A/CTAGT
SpeI-HF,A/CTAGT
BglII,A/GATCT
AclI,AA/CGTT
Psp1406I,AA/CGTT
SspI,AAT/ATT
SspI-HF,AAT/ATT
Acc36I,ACCTGC(4/8)
BfuAI,ACCTGC(4/8)
BspMI,ACCTGC(4/8)
BveI,ACCTGC(4/8)
BceAI,ACGGC(12/14)
Bst4CI,ACN/GT
HpyCH4III,ACN/GT
TaaI,ACN/GT
Tsp4CI,ACN/GT
Bse1I,ACTGG(1/-1)
BseNI,ACTGG(1/-1)
BsrI,ACTGG(1/-1)
BfiI,ACTGGG(5/4)
BmrI,ACTGGG(5/4)
BmuI,ACTGGG(5/4)
AluBI,AG/CT
AluI,AG/CT
AfeI,AGC/GCT
Aor51HI,AGC/GCT
Eco47III,AGC/GCT
Eco147I,AGG/CCT
PceI,AGG/CCT
SseBI,AGG/CCT
StuI,AGG/CCT
BmcAI,AGT/ACT
ScaI-HF,AGT/ACT
ZrmI,AGT/ACT
Bsa29I,AT/CGAT
BseCI,AT/CGAT
BshVI,AT/CGAT
BspDI,AT/CGAT
Bsu15I,AT/CGAT
BsuTUI,AT/CGAT
ClaI,AT/CGAT
AseI,AT/TAAT
PshBI,AT/TAAT
VspI,AT/TAAT
PI-SceI,ATCTATGTCGGGTGCGGAGAAAGAGGTAAT(-15/-19)
EcoT22I,ATGCA/T
Mph1103I,ATGCA/T
NsiI,ATGCA/T
NsiI-HF,ATGCA/T
Zsp2I,ATGCA/T
AvaIII,ATGCAT
EcoT22I,ATGCAT
Mph1103I,ATGCAT
NsiI,ATGCAT
NsiI-HF,ATGCAT
Zsp2I,ATGCAT
SmiI,ATTT/AAAT
SwaI,ATTT/AAAT
MfeI,C/AATTG
MfeI-HF,C/AATTG
MunI,C/AATTG
CviAII,C/ATG
Bsp19I,C/CATGG
NcoI,C/CATGG
NcoI-HF,C/CATGG
Cfr9I,C/CCGGG
TspMI,C/CCGGG
XmaI,C/CCGGG
BsiSI,C/CGG
HapII,C/CGG
HpaII,C/CGG
MspI,C/CGG
BsaJI,C/CNNGG
BseDI,C/CNNGG
BssECI,C/CNNGG
SecI,C/CNNGG
BstDSI,C/CRYGG
BtgI,C/CRYGG
DsaI,C/CRYGG
AspA2I,C/CTAGG
AvrII,C/CTAGG
BlnI,C/CTAGG
XmaJI,C/CTAGG
BssT1I,C/CWWGG
Eco130I,C/CWWGG
EcoT14I,C/CWWGG
ErhI,C/CWWGG
StyI,C/CWWGG
StyI-HF,C/CWWGG
BseX3I,C/GGCCG
BstZI,C/GGCCG
EagI,C/GGCCG
EagI-HF,C/GGCCG
EclXI,C/GGCCG
Eco52I,C/GGCCG
XmaIII,C/GGCCG
BsiWI,C/GTACG
BsiWI-HF,C/GTACG
Pfl23II,C/GTACG
PspLI,C/GTACG
SplI,C/GTACG
BfaI,C/TAG
FspBI,C/TAG
MaeI,C/TAG
SspMI,C/TAG
XspI,C/TAG
PaeR7I,C/TCGAG
Sfr274I,C/TCGAG
SlaI,C/TCGAG
XhoI,C/TCGAG
BstDEI,C/TNAG
DdeI,C/TNAG
HpyF3I,C/TNAG
BfmI,C/TRYAG
BstSFI,C/TRYAG
SfcI,C/TRYAG
SfeI,C/TRYAG
AflII,C/TTAAG
BfrI,C/TTAAG
BspTI,C/TTAAG
BstAFI,C/TTAAG
MspCI,C/TTAAG
Vha464I,C/TTAAG
SmlI,C/TYRAG
SmoI,C/TYRAG
Ama87I,C/YCGRG
AvaI,C/YCGRG
BmeT110I,C/YCGRG
BsiHKCI,C/YCGRG
BsoBI,C/YCGRG
Eco88I,C/YCGRG
FauNDI,CA/TATG
NdeI,CA/TATG
AcvI,CAC/GTG
BbrPI,CAC/GTG
Eco72I,CAC/GTG
PmaCI,CAC/GTG
PmlI,CAC/GTG
PspCI,CAC/GTG
Nb.BssSI,CACGAG
BauI,CACGAG(-5/-1)
BsiI,CACGAG(-5/-1)
BssSI,CACGAG(-5/-1)
BssSαI,CACGAG(-5/-1)
Bst2BI,CACGAG(-5/-1)
AjiI,CACGTC(-3/-3)
BmgBI,CACGTC(-3/-3)
BtrI,CACGTC(-3/-3)
AleI,CACNN/NNGTG
OliI,CACNN/NNGTG
AdeI,CACNNN/GTG
DraIII-HF,CACNNN/GTG
PvuII,CAG/CTG
PvuII-HF,CAG/CTG
EcoP15I,CAGCAG(25/27)
AlwNI,CAGNNN/CTG
CaiI,CAGNNN/CTG
PstNI,CAGNNN/CTG
BtsIMutI,CAGTG(2/0)
TscAI,CASTGNN/
TspRI,CASTGNN/
FaeI,CATG/
Hin1II,CATG/
Hsp92II,CATG/
NlaIII,CATG/
MslI,CAYNN/NNRTG
RseI,CAYNN/NNRTG
SmiMI,CAYNN/NNRTG
FspEI,CC(12/16)
Bme1390I,CC/NGG
BmrFI,CC/NGG
MspR9I,CC/NGG
ScrFI,CC/NGG
AsuC2I,CC/SGG
BcnI,CC/SGG
BpuMI,CC/SGG
CauII,CC/SGG
NciI,CC/SGG
AxyI,CC/TNAGG
Bse21I,CC/TNAGG
Bsu36I,CC/TNAGG
Eco81I,CC/TNAGG
SauI,CC/TNAGG
BciT130I,CC/WGG
BseBI,CC/WGG
Bst2UI,CC/WGG
BstNI,CC/WGG
MvaI,CC/WGG
AccB7I,CCANNNN/NTGG
PflMI,CCANNNN/NTGG
Van91I,CCANNNN/NTGG
XcmI,CCANNNNN/NNNNTGG
BstXI,CCANNNNN/NTGG
BccI,CCATC(4/5)
SmaI,CCC/GGG
BseYI,CCCAGC(-5/-1)
PspFI,CCCAGC(-5/-1)
FauI,CCCGC(4/6)
LpnPI,CCDG(10/14)
AciI,CCGC(-3/-1)
BspACI,CCGC(-3/-1)
SsiI,CCGC(-3/-1)
Cfr42I,CCGC/GG
KspI,CCGC/GG
SacII,CCGC/GG
Sfr303I,CCGC/GG
SgrBI,CCGC/GG
AccBSI,CCGCTC(-3/-3)
BsrBI,CCGCTC(-3/-3)
MbiI,CCGCTC(-3/-3)
AfiI,CCNNNNN/NNGG
Bsc4I,CCNNNNN/NNGG
BseLI,CCNNNNN/NNGG
BsiYI,CCNNNNN/NNGG
BslI,CCNNNNN/NNGG
MnlI,CCTC(7/6)
Nb.BbvCI,CCTCAGC
BbvCI,CCTCAGC(-5/-2)
Nt.BbvCI,CCTCAGC(-5/-7)
SbfI,CCTGCA/GG
SbfI-HF,CCTGCA/GG
SdaI,CCTGCA/GG
Sse8387I,CCTGCA/GG
Bpu10I,CCTNAGC(-5/-2)
BstENI,CCTNN/NNNAGG
EcoNI,CCTNN/NNNAGG
XagI,CCTNN/NNNAGG
Hin4II,CCTTC(6/5)
HpyAV,CCTTC(6/5)
Sse232I,CG/CCGGCG
MreI,CG/CCGGCG
AccII,CG/CG
Bsh1236I,CG/CG
BspFNI,CG/CG
BstFNI,CG/CG
BstUI,CG/CG
FnuDII,CG/CG
MvnI,CG/CG
CpoI,CG/GWCCG
CspI,CG/GWCCG
Rsr2I,CG/GWCCG
RsrII,CG/GWCCG
Ple19I,CGAT/CG
PvuI,CGAT/CG
PvuI-HF,CGAT/CG
Bsh1285I,CGRY/CG
BsiEI,CGRY/CG
BstMCI,CGRY/CG
McrI,CGRY/CG
BsmBI,CGTCTC(1/5)
Esp3I,CGTCTC(1/5)
Hpy99I,CGWCG/
MspA1I,CMG/CKG
NspBII,CMG/CKG
MspJI,CNNR(9/13)
SgrAI,CR/CCGGYG
BspCNI,CTCAG(9/7)
Bst6I,CTCTTC(1/4)
Eam1104I,CTCTTC(1/4)
EarI,CTCTTC(1/4)
Ksp632I,CTCTTC(1/4)
AcuI,CTGAAG(16/14)
Eco57I,CTGAAG(16/14)
BspMAI,CTGCA/G
PstI,CTGCA/G
PstI-HF,CTGCA/G
BpmI,CTGGAG(16/14)
GsuI,CTGGAG(16/14)
Bce83I,CTTGAG(16/14)
BpuEI,CTTGAG(16/14)
EcoRI,G/AATTC
EcoRI-HF,G/AATTC
HinfI,G/ANTC
PfeI,G/AWTC
TfiI,G/AWTC
MroNI,G/CCGGC
NgoMIV,G/CCGGC
Hin6I,G/CGC
HinP1I,G/CGC
HspAI,G/CGC
BsePI,G/CGCGC
BssHII,G/CGCGC
PauI,G/CGCGC
PteI,G/CGCGC
AsuNHI,G/CTAGC
NheI,G/CTAGC
NheI-HF,G/CTAGC
ApeKI,G/CWGC
TseI,G/CWGC
BamHI,G/GATCC
BamHI-HF,G/GATCC
KasI,G/GCGCC
SspDI,G/GCGCC
Bsp120I,G/GGCCC
PspOMI,G/GGCCC
AspS9I,G/GNCC
AsuI,G/GNCC
BmgT120I,G/GNCC
Cfr13I,G/GNCC
PspPI,G/GNCC
Sau96I,G/GNCC
Acc65I,G/GTACC
Asp718I,G/GTACC
BstEII,G/GTNACC
BstEII-HF,G/GTNACC
BstPI,G/GTNACC
Eco91I,G/GTNACC
EcoO65I,G/GTNACC
PspEI,G/GTNACC
AvaII,G/GWCC
Bme18I,G/GWCC
Eco47I,G/GWCC
SinI,G/GWCC
VpaK11BI,G/GWCC
AccB1I,G/GYRCC
BanI,G/GYRCC
BshNI,G/GYRCC
BspT107I,G/GYRCC
HgiCI,G/GYRCC
Csp6I,G/TAC
CviQI,G/TAC
RsaNI,G/TAC
SalI,G/TCGAC
SalI-HF,G/TCGAC
Alw44I,G/TGCAC
ApaLI,G/TGCAC
VneI,G/TGCAC
DpnI,GA/TC
MalI,GA/TC
MboII,GAAGA(8/7)
BbsI,GAAGAC(2/6)
BbsI-HF,GAAGAC(2/6)
BbvII,GAAGAC(2/6)
BpiI,GAAGAC(2/6)
BstV2I,GAAGAC(2/6)
Asp700I,GAANN/NNTTC
MroXI,GAANN/NNTTC
PdmI,GAANN/NNTTC
XmnI,GAANN/NNTTC
Nb.BsmI,GAATGC
BsmI,GAATGC(1/-1)
Mva1269I,GAATGC(1/-1)
PctI,GAATGC(1/-1)
ZraI,GAC/GTC
CseI,GACGC(5/10)
HgaI,GACGC(5/10)
AatII,GACGT/C
PflFI,GACN/NNGTC
PsyI,GACN/NNGTC
Tth111I,GACN/NNGTC
BoxI,GACNN/NNGTC
BstPAI,GACNN/NNGTC
PshAI,GACNN/NNGTC
AhdI,GACNNN/NNGTC
BmeRI,GACNNN/NNGTC
DriI,GACNNN/NNGTC
Eam1105I,GACNNN/NNGTC
AasI,GACNNNN/NNGTC
DrdI,GACNNNN/NNGTC
DseDI,GACNNNN/NNGTC
Ecl136II,GAG/CTC
Eco53kI,GAG/CTC
EcoICRI,GAG/CTC
Psp124BI,GAGCT/C
SacI,GAGCT/C
SacI-HF,GAGCT/C
SstI,GAGCT/C
BseRI,GAGGAG(10/8)
Nt.BstNBI,GAGTC(4/-5)
PleI,GAGTC(4/5)
PpsI,GAGTC(4/5)
MlyI,GAGTC(5/5)
SchI,GAGTC(5/5)
Eco32I,GAT/ATC
EcoRV,GAT/ATC
EcoRV-HF,GAT/ATC
BsaBI,GATNN/NNATC
Bse8I,GATNN/NNATC
BseJI,GATNN/NNATC
CciNI,GC/GGCCGC
NotI,GC/GGCCGC
NotI-HF,GC/GGCCGC
BisI,GC/NGC
Fnu4HI,GC/NGC
Fsp4HI,GC/NGC
GluI,GC/NGC
SatI,GC/NGC
BlpI,GC/TNAGC
Bpu1102I,GC/TNAGC
Bsp1720I,GC/TNAGC
EspI,GC/TNAGC
Nb.BsrDI,GCAATG
Bse3DI,GCAATG(2/0)
BseMI,GCAATG(2/0)
BsrDI,GCAATG(2/0)
BbvI,GCAGC(8/12)
BseXI,GCAGC(8/12)
BstV1I,GCAGC(8/12)
Lsp1109I,GCAGC(8/12)
Nb.BtsI,GCAGTG
BtsαI,GCAGTG(2/0)
BstAPI,GCANNNN/NTGC
BmsI,GCATC(5/9)
LweI,GCATC(5/9)
SfaNI,GCATC(5/9)
PaeI,GCATG/C
SphI,GCATG/C
SphI-HF,GCATG/C
NaeI,GCC/GGC
PdiI,GCC/GGC
SrfI,GCCC/GGGC
NmeAIII,GCCGAG(21/19)
BglI,GCCNNNN/NGGC
AspLEI,GCG/C
BstHHI,GCG/C
CfoI,GCG/C
HhaI,GCG/C
AsiSI,GCGAT/CGC
RgaI,GCGAT/CGC
SfaAI,GCGAT/CGC
SgfI,GCGAT/CGC
BtgZI,GCGATG(10/14)
BlsI,GCN/GC
PkrI,GCN/GC
BstC8I,GCN/NGC
Cac8I,GCN/NGC
BstMWI,GCNNNNN/NNGC
HpyF10VI,GCNNNNN/NNGC
MwoI,GCNNNNN/NNGC
BmtI,GCTAG/C
BmtI-HF,GCTAG/C
BspOI,GCTAG/C
AsuNHI,GCTAG/C
NheI,GCTAG/C
Nt.BspQI,GCTCTTC(1/-7)
BspQI,GCTCTTC(1/4)
LguI,GCTCTTC(1/4)
PciSI,GCTCTTC(1/4)
SapI,GCTCTTC(1/4)
Bsp1286I,GDGCH/C
MhlI,GDGCH/C
SduI,GDGCH/C
BshFI,GG/CC
BsnI,GG/CC
BspANI,GG/CC
BsuRI,GG/CC
HaeIII,GG/CC
Mly113I,GG/CGCC
NarI,GG/CGCC
AscI,GG/CGCGCC
PalAI,GG/CGCGCC
SgsI,GG/CGCGCC
SanDI,GG/GWCCC
KflI,GG/GWCCC
Nt.AlwI,GGATC(4/-5)
AclWI,GGATC(4/5)
AlwI,GGATC(4/5)
BinI,GGATC(4/5)
BspPI,GGATC(4/5)
BseGI,GGATG(2/0)
BstF5I,GGATG(2/0)
BtsCI,GGATG(2/0)
FokI,GGATG(9/13)
DinI,GGC/GCC
EgeI,GGC/GCC
EheI,GGC/GCC
SfoI,GGC/GCC
FseI,GGCCGG/CC
RigI,GGCCGG/CC
SfiI,GGCCNNNN/NGGCC
PluTI,GGCGC/C
EciI,GGCGGA(11/9)
FinI,GGGAC
BslFI,GGGAC
BsmFI,GGGAC
FaqI,GGGAC
BslFI,GGGAC(10/14)
BsmFI,GGGAC(10/14)
FaqI,GGGAC(10/14)
ApaI,GGGCC/C
BmiI,GGN/NCC
BspLI,GGN/NCC
NlaIV,GGN/NCC
PspN4I,GGN/NCC
KpnI,GGTAC/C
KpnI-HF,GGTAC/C
BsaI,GGTCTC(1/5)
BsaI-HF,GGTCTC(1/5)
BsaI-HFv2,GGTCTC(1/5)
Bso31I,GGTCTC(1/5)
BspTNI,GGTCTC(1/5)
Eco31I,GGTCTC(1/5)
AsuHPI,GGTGA(8/7)
HphI,GGTGA(8/7)
BaeGI,GKGCM/C
BseSI,GKGCM/C
BstSLI,GKGCM/C
AcyI,GR/CGYC
BsaHI,GR/CGYC
BssNI,GR/CGYC
BstACI,GR/CGYC
Hin1I,GR/CGYC
Hsp92I,GR/CGYC
BanII,GRGCY/C
Eco24I,GRGCY/C
EcoT38I,GRGCY/C
FriOI,GRGCY/C
HgiJII,GRGCY/C
AfaI,GT/AC
RsaI,GT/AC
AccI,GT/MKAC
FblI,GT/MKAC
XmiI,GT/MKAC
BssNAI,GTA/TAC
Bst1107I,GTA/TAC
BstZ17I-HF,GTA/TAC
SnaI,GTATAC
BssNAI,GTATAC
Bst1107I,GTATAC
BstZ17I-HF,GTATAC
BciVI,GTATCC(6/5)
BfuI,GTATCC(6/5)
BsuI,GTATCC(6/5)
Nt.BsmAI,GTCTC(1/-5)
Alw26I,GTCTC(1/5)
BcoDI,GTCTC(1/5)
BsmAI,GTCTC(1/5)
BstMAI,GTCTC(1/5)
BsgI,GTGCAG(16/14)
Hpy166II,GTN/NAC
Hpy8I,GTN/NAC
MjaIV,GTNNAC
Hpy8I,GTNNAC
Hpy166II,GTNNAC
HpaI,GTT/AAC
KspAI,GTT/AAC
MssI,GTTT/AAAC
PmeI,GTTT/AAAC
HincII,GTY/RAC
HindII,GTY/RAC
Alw21I,GWGCW/C
Bbv12I,GWGCW/C
BsiHKAI,GWGCW/C
HgiAI,GWGCW/C
TspRI,NNCASTGNN/
TscAI,NNCASTGNN/
AcsI,R/AATTY
ApoI,R/AATTY
ApoI-HF,R/AATTY
XapI,R/AATTY
Bse118I,R/CCGGY
BsrFI,R/CCGGY
BsrFαI,R/CCGGY
BssAI,R/CCGGY
Cfr10I,R/CCGGY
BstX2I,R/GATCY
BstYI,R/GATCY
MflI,R/GATCY
PsuI,R/GATCY
XhoII,R/GATCY
BstNSI,RCATG/Y
NspI,RCATG/Y
XceI,RCATG/Y
CviJI,RG/CY
CviKI-1,RG/CY
DraII,RG/GNCCY
EcoO109I,RG/GNCCY
PpuMI,RG/GWCCY
Psp5II,RG/GWCCY
PspPPI,RG/GWCCY
BfoI,RGCGC/Y
BstH2I,RGCGC/Y
HaeII,RGCGC/Y
BspHI,T/CATGA
CciI,T/CATGA
PagI,T/CATGA
AccIII,T/CCGGA
Aor13HI,T/CCGGA
BseAI,T/CCGGA
Bsp13I,T/CCGGA
BspEI,T/CCGGA
BspMII,T/CCGGA
Kpn2I,T/CCGGA
MroI,T/CCGGA
TaqαI,T/CGA
XbaI,T/CTAGA
BclI,T/GATCA
BclI-HF,T/GATCA
FbaI,T/GATCA
Ksp22I,T/GATCA
Bsp1407I,T/GTACA
BsrGI,T/GTACA
BsrGI-HF,T/GTACA
BstAUI,T/GTACA
MseI,T/TAA
SaqAI,T/TAA
Tru1I,T/TAA
Tru9I,T/TAA
I-CeuI,TAACTATAACGGTCCTAAGGTAGCGAA(-9/-13)
BstSNI,TAC/GTA
Eco105I,TAC/GTA
SnaBI,TAC/GTA
I-SceI,TAGGGATAACAGGGTAAT(-9/-13)
Hpy178III,TC/NNGA
Hpy188III,TC/NNGA
MmeI,TCCRAC(20/18)
Bsp68I,TCG/CGA
BtuMI,TCG/CGA
NruI,TCG/CGA
NruI-HF,TCG/CGA
RruI,TCG/CGA
Hpy188I,TCN/GA
CviRI,TG/CA
HpyCH4V,TG/CA
Acc16I,TGC/GCA
FspI,TGC/GCA
MstI,TGC/GCA
NsbI,TGC/GCA
BalI,TGG/CCA
MlsI,TGG/CCA
MluNI,TGG/CCA
Mox20I,TGG/CCA
MscI,TGG/CCA
Msp20I,TGG/CCA
PI-PspI,TGGCAAACAGCTATTATGGGTATTATGGGT(-13/-17)
AsuII,TT/CGAA
Bpu14I,TT/CGAA
Bsp119I,TT/CGAA
BspT104I,TT/CGAA
BstBI,TT/CGAA
NspV,TT/CGAA
SfuI,TT/CGAA
AanI,TTA/TAA
PsiI,TTA/TAA
PacI,TTAAT/TAA
AhaIII,TTT/AAA
DraI,TTT/AAA
PspXI,VC/TCGAGB
BetI,W/CCGGW
BsaWI,W/CCGGW
AcoI,Y/GGCCR
CfrI,Y/GGCCR
EaeI,Y/GGCCR
BsaAI,YAC/GTR
BstBAI,YAC/GTR
Ppu21I,YAC/GTR
